Vendor,Vendor ID
Reddoit,1
Plustax,2
bamity,3
Quotelane,4
Viatom,5
Silverfase,6
O-job,7
Howtaxon,8
xx-way,9
san-plex,10
Dentocity,11
Indi-dox,12
Damdexon,13
Subdrill,14
Conzumzap,15
ontotam,16
Trio-dax,17
Ventocore,18
tampquote,19
Recode,20
Ganjazone,21
hottaxon,22
Keyzunbase,23
K-is,24
Villacom,25
zotit,26
scotquote,27
Stimmedia,28
Lazap,29
Baselux,30
Dingity,31
Fax-ex,32
Duodax,33
Planethouse,34
Overtam,35
Solholdings,36
Cannamcon,37
Zerfax,38
Technoline,39
applanet,40
Zoncone,41
Canemedkix,42
Whitefan,43
Strongdax,44
Xx-dotone,45
Tamcan,46
Sanin,47
Sonlex,48
Groovestrip,49
Matdex,50
Saohow,51
Yearlex,52
Bamtechnology,53
dripkix,54
Instrip,55
xx-bam,56
Zaamhouse,57
zoofan,58
Zuntexon,59
Howplanet,60
Fasezim,61
Sanlab,62
Mathing,63
Tamholding,64
Greentech,65
Goldenbam,66
silfase,67
Unoex,68
Zoodrill,69
Sunjob,70
Anmedia,71
Daltfax,72
Physcone,73
Kincorporation,74
Vaiazozice,75
Plusla,76
nimlab,77
tamplex,78
Blueit,79
roundphase,80
Faseway,81
Tripplekix,82
Dontam,83
Scotfase,84
Newzap,85
mathtouch,86
Zimity,87
Dongbiolex,88
J-lax,89
geofind,90
Iceelectrics,91
Vaiazoom,92
Vaiataxon,93
Pluslam,94
Rancan,95
Singleholdings,96
Gravetech,97
Strongcane,98
Condintex,99
Xx-canex,100
Itdom,101
Zamholdings,102
Duo-fase,103
Saozoomtex,104
Funlax,105
Beta-ron,106
Zentrax,107
bluecorporation,108
Fin-cone,109
Ranmedia,110
Trueplus,111
Templax,112
roundphase,113
Medialax,114
Ronlamice,115
Zummatexon,116
Aptaxon,117
Strongtechnology,118
Plextechi,119
Donplanet,120
Whitekix,121
Streetplus,122
K-antex,123
Constreet,124
Quotefix,125
Dripvivadex,126
Trustcorporation,127
Zimjiit,128
Scotcan,129
Duoflex,130
Canetechnology,131
Zotcare,132
Solostreet,133
Xx-planet,134
apzone,135
Donglax,136
Jaylane,137
Silverace,138
Conelane,139
Matsanice,140
Ronplanet,141
Lexiplus,142
Plusity,143
Quotefix,144
Laex,145
Tantax,146
Solohex,147
Zapline,148
Tamtexon,149
D-zohex,150
Joyancom,151
Goodtechno,152
Zunice,153
Goodquoing,154
Fasetech,155
Flexplex,156
Bluezoombam,157
Cityis,158
Kantone,159
Treedrill,160
stripzim,161
Dingquokix,162
Ronvivalam,163
Y-flex,164
Faxotfind,165
Warelane,166
Hexunobam,167
Quadplanet,168
Opehouse,169
Carekix,170
Ozeris,171
Singlejob,172
Y-zoom,173
Faxron,174
Faseron,175
Lamlab,176
Geoit,177
planetron,178
Stimcore,179
Zuntone,180
techmedia,181
Labdox,182
Lexidom,183
zummatax,184
Saokeycane,185
Keystreet,186
Inzone,187
Zerlane,188
Fixace,189
tres-tone,190
unaity,191
Scotline,192
Daltcare,193
doubleis,194
Ontohatron,195
Indibase,196
Dongtinlux,197
geohigh,198
Mediaware,199
Goldenlex,200
Canecare,201
Zumcane,202
Zerhouse,203
Ganzsannix,204
Yearcorporation,205
Planetline,206
Planetware,207
Indigoice,208
Zotfan,209
Medcan,210
Fixcan,211
Dentoelectrics,212
conestreet,213
Toncode,214
Rankphase,215
Gravemedia,216
Alphadax,217
Citytone,218
Alphafan,219
D-quadlux,220
Funlatlex,221
wareholding,222
Anzammedia,223
Zoomhex,224
Tripple-fax,225
Qvofix,226
Isdexon,227
Faseelectronics,228
Solozap,229
Golddexon,230
Zunhouse,231
Inchholdings,232
Runhigh,233
white-high,234
Fasezoomfix,235
Dingcan,236
Opebase,237
hexzim,238
Scotlex,239
Good-find,240
Plexlamway,241
Latgotrax,242
hotity,243
Scothouse,244
Striplane,245
Technodax,246
re-can,247
Unatrax,248
acequote,249
ganz-is,250
Sonbam,251
Freebam,252
Faxzumtrax,253
Sonzamace,254
Linezatlam,255
O-ace,256
Statway,257
Zunzone,258
hat-core,259
zathhow,260
Subvivais,261
Saltfan,262
Joygreen,263
Donelectrics,264
Icedox,265
Namelectronics,266
Warecity,267
Donremlane,268
Ganzlane,269
Streetlam,270
Tonsanhigh,271
Siliconcore,272
dan-high,273
Jobtechnology,274
Daltron,275
Y-strip,276
Danfan,277
Plustaxon,278
Truebam,279
Triootity,280
Konknix,281
Dongbase,282
Howelectrics,283
Dingfax,284
Zimex,285
Saocity,286
Joyzim,287
Silver-line,288
una-phase,289
Condexon,290
Roundlam,291
Canphase,292
betaity,293
Jaydox,294
O-tom,295
Canex,296
villahouse,297
Tempfan,298
Vivazim,299
citydexon,300
Ittam,301
saltlab,302
Conehotice,303
Itcantrans,304
Blue-tech,305
Unahigh,306
openzap,307
Redozetam,308
Coneranron,309
zen-holdings,310
Warebam,311
Zathlane,312
Hayholding,313
Finlux,314
Zamlane,315
Viacane,316
Gogokeying,317
tinron,318
Canace,319
Donware,320
Linetone,321
Tantechi,322
Goldentechi,323
Iselectrics,324
Kinice,325
Bamgeohigh,326
Funfintech,327
Latcore,328
